Individual,Site,Loc,Depth,Taxa,Groups
KP0046_AC_SB10,SB10,SB,10,AA2,aa.318
KP0050_AC_SB10,SB10,SB,10,AA2,aa.63
KP0052_AC_SB10,SB10,SB,10,AA2,aa.48
KP0053_AC_SB10,SB10,SB,10,AA2,aa.48
KP0054_AC_SB10,SB10,SB,10,AA2,aa.48
KP0055_AC_SB10,SB10,SB,10,AA2,aa.48
KP0056_AC_SB10,SB10,SB,10,AA2,aa.48
KP0057_AC_SB10,SB10,SB,10,AA2,aa.84
KP0058_AC_SB10,SB10,SB,10,AA2,aa.42
KP0059_AC_SB10,SB10,SB,10,AA2,aa.42
KP0060_AC_SB10,SB10,SB,10,AA2,aa.291
KP0061_AC_SB10,SB10,SB,10,AA2,aa.90
KP0062_AC_SB10,SB10,SB,10,AA2,aa.90
KP0063_AC_SB10,SB10,SB,10,AA2,aa.91
KP0064_AC_SB10,SB10,SB,10,AA2,aa.91
KP0065_AC_SB10,SB10,SB,10,AA2,aa.91
KP0069_AC_SB10,SB10,SB,10,AA2,aa.91
KP0070_AC_SB10,SB10,SB,10,AA2,aa.57
KP0072_AC_SB10,SB10,SB,10,AA2,aa.57
KP0074_AC_SB10,SB10,SB,10,AA2,aa.91
KP0077_AC_SB10,SB10,SB,10,AA2,aa.91
KP0078_AC_SB10,SB10,SB,10,AA2,aa.41
KP0080_AC_SB10,SB10,SB,10,AA2,aa.40
KP0081_AC_SB10,SB10,SB,10,AA2,aa.40
KP0088_AC_SB10,SB10,SB,10,AA2,aa.42
KP0089_AC_SB10,SB10,SB,10,AA2,aa.300
KP0095_AC_SB10,SB10,SB,10,AA2,aa.289
KP0100_AC_SB10,SB10,SB,10,AA2,aa.92
KP0101_AC_SB10,SB10,SB,10,AA2,aa.85
KP0102_AC_SB10,SB10,SB,10,AA2,aa.62
KP0103_AC_SB10,SB10,SB,10,AA2,aa.62
KP0104_AC_SB10,SB10,SB,10,AA2,aa.83
KP0105_AC_SB10,SB10,SB,10,AA2,aa.62
KP0109_LM_SB10,SB10,SB,10,AA2,aa.299
KP0112_AC_SB10,SB10,SB,10,AA2,aa.319
KP0115_AC_SB10,SB10,SB,10,AA2,aa.92
KP0116_AC_SB10,SB10,SB,10,AA2,aa.292
KP0117_AC_SB10,SB10,SB,10,AA2,aa.81
KP0118_AC_SB10,SB10,SB,10,AA2,aa.56
KP0119_AC_SB10,SB10,SB,10,AA2,aa.56
KP0120_AC_SB10,SB10,SB,10,AA2,aa.56
KP0121_AC_SB10,SB10,SB,10,AA2,aa.77
KP0122_AC_SB10,SB10,SB,10,AA2,aa.58
KP0123_AC_SB10,SB10,SB,10,AA2,aa.310
KP0125_AC_SB10,SB10,SB,10,AA2,aa.305
KP0127_AC_SB10,SB10,SB,10,AA2,aa.81
KP0129_AC_SB10,SB10,SB,10,AA2,aa.294
KP0131_HU_SB05,SB05,SB,5,AA2,aa.238
KP0151_AC_SQ12,SQ12,SQ,12,AA2,aa.50
KP0152_AC_SQ12,SQ12,SQ,12,AA2,aa.50
KP0153_AC_SQ12,SQ12,SQ,12,AA2,aa.78
KP0154_AC_SQ12,SQ12,SQ,12,AA2,aa.73
KP0156_AC_SQ12,SQ12,SQ,12,AA2,aa.73
KP0157_AC_SQ12,SQ12,SQ,12,AA2,aa.73
KP0158_AC_SQ12,SQ12,SQ,12,AA2,aa.73
KP0160_AC_SQ12,SQ12,SQ,12,AA2,aa.51
KP0162_AC_SQ12,SQ12,SQ,12,AA2,aa.51
KP0166_AC_SQ12,SQ12,SQ,12,AA2,aa.76
KP0167_AC_SQ12,SQ12,SQ,12,AA2,aa.79
KP0168_AC_SQ12,SQ12,SQ,12,AA2,aa.76
KP0169_AC_SQ12,SQ12,SQ,12,AA2,aa.76
KP0171_AC_SQ12,SQ12,SQ,12,AA2,aa.50
KP0172_AC_SQ12,SQ12,SQ,12,AA2,aa.36
KP0173_AC_SQ12,SQ12,SQ,12,AA2,aa.35
KP0174_AC_SQ12,SQ12,SQ,12,AA2,aa.35
KP0175_AC_SQ12,SQ12,SQ,12,AA2,aa.35
KP0176_AC_SQ12,SQ12,SQ,12,AA2,aa.35
KP0177_AC_SQ12,SQ12,SQ,12,AA2,aa.35
KP0181_AC_SQ12,SQ12,SQ,12,AA2,aa.313
KP0182_AC_SQ12,SQ12,SQ,12,AA2,aa.35
KP0185_AC_SQ12,SQ12,SQ,12,AA2,aa.35
KP0187_AC_SQ12,SQ12,SQ,12,AA2,aa.51
KP0188_AC_SQ12,SQ12,SQ,12,AA2,aa.51
KP0189_AC_SQ12,SQ12,SQ,12,AA2,aa.311
KP0190_AC_SQ12,SQ12,SQ,12,AA2,aa.67
KP0193_AC_SQ12,SQ12,SQ,12,AA2,aa.72
KP0196_AC_SQ12,SQ12,SQ,12,AA2,aa.66
KP0197_AC_SQ12,SQ12,SQ,12,AA2,aa.66
KP0198_AC_SQ12,SQ12,SQ,12,AA2,aa.66
KP0199_AC_SQ12,SQ12,SQ,12,AA2,aa.66
KP0200_AC_SQ12,SQ12,SQ,12,AA2,aa.66
KP0201_AC_SQ12,SQ12,SQ,12,AA2,aa.66
KP0202_AC_SQ12,SQ12,SQ,12,AA2,aa.72
KP0204_AC_SQ12,SQ12,SQ,12,AA2,aa.72
KP0208_AC_SQ12,SQ12,SQ,12,AA2,aa.45
KP0209_AC_SQ12,SQ12,SQ,12,AA2,aa.45
KP0212_AC_SQ20,SQ20,SQ,20,AA2,aa.47
KP0213_AC_SQ20,SQ20,SQ,20,AA2,aa.47
KP0214_AC_SQ20,SQ20,SQ,20,AA2,aa.47
KP0216_AC_SQ20,SQ20,SQ,20,AA2,aa.47
KP0217_AC_SQ20,SQ20,SQ,20,AA2,aa.47
KP0218_AC_SQ20,SQ20,SQ,20,AA1,aa.31
KP0220_AC_SQ20,SQ20,SQ,20,AA2,aa.55
KP0221_AC_SQ20,SQ20,SQ,20,AA2,aa.55
KP0222_AC_SQ20,SQ20,SQ,20,AA2,aa.38
KP0225_AC_SQ20,SQ20,SQ,20,AA2,aa.71
KP0227_AC_SQ20,SQ20,SQ,20,AA2,aa.71
KP0229_AC_SQ20,SQ20,SQ,20,AA2,aa.52
KP0233_AC_SQ20,SQ20,SQ,20,AA2,aa.38
KP0235_AC_SQ20,SQ20,SQ,20,AA1,aa.27
KP0236_AC_SQ20,SQ20,SQ,20,AA2,aa.322
KP0237_AC_SQ20,SQ20,SQ,20,AA2,aa.88
KP0238_AC_SQ20,SQ20,SQ,20,AA2,aa.88
KP0240_AC_SQ20,SQ20,SQ,20,AA2,aa.88
KP0241_AC_SQ20,SQ20,SQ,20,AA1,aa.28
KP0242_AC_SQ20,SQ20,SQ,20,AA2,aa.54
KP0243_AC_SQ20,SQ20,SQ,20,AA1,aa.34
KP0244_LM_SQ20,SQ20,SQ,20,AA2,aa.83
KP0246_AC_SQ20,SQ20,SQ,20,AA1,aa.3
KP0247_AC_SQ20,SQ20,SQ,20,AA1,aa.3
KP0250_AC_SQ20,SQ20,SQ,20,AA2,aa.39
KP0251_AC_SQ20,SQ20,SQ,20,AA2,aa.39
KP0255_AC_SQ20,SQ20,SQ,20,AA1,aa.1
KP0256_AC_SQ20,SQ20,SQ,20,AA1,aa.1
KP0257_AC_SQ20,SQ20,SQ,20,AA2,aa.70
KP0258_AC_SQ20,SQ20,SQ,20,AA2,aa.69
KP0259_AC_SQ20,SQ20,SQ,20,AA1,aa.2
KP0260_AC_SQ20,SQ20,SQ,20,AA2,aa.69
KP0261_AC_SQ20,SQ20,SQ,20,AA2,aa.69
KP0262_AC_SQ20,SQ20,SQ,20,AA2,aa.69
KP0264_AC_SQ20,SQ20,SQ,20,AA2,aa.74
KP0268_AC_SQ20,SQ20,SQ,20,AA2,aa.74
KP0269_AC_SQ20,SQ20,SQ,20,AA2,aa.74
KP0271_AC_SQ20,SQ20,SQ,20,AA2,aa.74
KP0272_AC_SQ20,SQ20,SQ,20,AA2,aa.53
KP0273_AC_SQ20,SQ20,SQ,20,AA2,aa.53
KP0274_AC_SQ20,SQ20,SQ,20,AA2,aa.53
KP0275_AC_SQ20,SQ20,SQ,20,AA2,aa.53
KP0276_AC_SQ20,SQ20,SQ,20,AA2,aa.53
KP0277_AC_SQ20,SQ20,SQ,20,AA2,aa.53
KP0279_AC_SQ20,SQ20,SQ,20,AA2,aa.89
KP0280_AC_SQ20,SQ20,SQ,20,AA2,aa.89
KP0281_AC_SQ20,SQ20,SQ,20,AA2,aa.89
KP0283_AC_SQ20,SQ20,SQ,20,AA2,aa.75
KP0284_AC_SQ20,SQ20,SQ,20,AA2,aa.75
KP0289_AC_WP20,WP20,WP,20,AA2,aa.235
KP0291_AC_WP20,WP20,WP,20,AA2,aa.283
KP0292_AC_WP20,WP20,WP,20,AA2,aa.240
KP0294_AC_WP20,WP20,WP,20,AA2,aa.155
KP0296_AC_WP20,WP20,WP,20,AA2,aa.200
KP0299_AC_WP20,WP20,WP,20,AA2,aa.200
KP0300_AC_WP20,WP20,WP,20,AA2,aa.200
KP0301_AC_WP20,WP20,WP,20,AA2,aa.171
KP0303_AC_WP20,WP20,WP,20,AA2,aa.180
KP0304_AC_WP20,WP20,WP,20,AA2,aa.180
KP0305_AC_WP20,WP20,WP,20,AA2,aa.244
KP0311_AC_WP20,WP20,WP,20,AA1,aa.22
KP0314_AC_WP20,WP20,WP,20,AA2,aa.158
KP0317_AC_WP20,WP20,WP,20,AA2,aa.156
KP0323_AC_WP20,WP20,WP,20,AA2,aa.159
KP0324_AC_WP20,WP20,WP,20,AA2,aa.159
KP0325_AC_WP20,WP20,WP,20,AA2,aa.159
KP0326_AC_WP20,WP20,WP,20,AA2,aa.208
KP0327_AC_WP20,WP20,WP,20,AA2,aa.159
KP0329_AC_WP20,WP20,WP,20,AA2,aa.211
KP0331_AC_WP20,WP20,WP,20,AA2,aa.113
KP0332_AC_WP20,WP20,WP,20,AA2,aa.113
KP0334_AC_WP20,WP20,WP,20,AA2,aa.113
KP0335_AC_WP20,WP20,WP,20,AA2,aa.185
KP0336_AC_WP20,WP20,WP,20,AA2,aa.185
KP0337_AC_WP20,WP20,WP,20,AA2,aa.185
KP0340_AC_WP20,WP20,WP,20,AA2,aa.290
KP0346_AC_WP20,WP20,WP,20,AA2,aa.225
KP0347_AC_WP20,WP20,WP,20,AA1,aa.19
KP0349_LM_WP20,WP20,WP,20,AA2,aa.164
KP0352_AC_WP20,WP20,WP,20,AA2,aa.164
KP0354_AC_WP20,WP20,WP,20,AA2,aa.164
KP0355_AC_WP20,WP20,WP,20,AA2,aa.165
KP0360_AC_WP20,WP20,WP,20,AA2,aa.201
KP0361_LM_WP20,WP20,WP,20,AA2,aa.201
KP0362_AC_WP20,WP20,WP,20,AA2,aa.201
KP0363_AC_WP20,WP20,WP,20,AA2,aa.201
KP0365_AC_WP20,WP20,WP,20,AA2,aa.117
KP0367_AC_WP20,WP20,WP,20,AA2,aa.117
KP0368_AC_WP20,WP20,WP,20,AA2,aa.278
KP0369_AC_WP20,WP20,WP,20,AA1,aa.8
KP0372_AC_WP20,WP20,WP,20,AA2,aa.186
KP0373_AC_WP20,WP20,WP,20,AA1,aa.8
KP0374_AC_WP20,WP20,WP,20,AA2,aa.130
KP0379_AC_WP20,WP20,WP,20,AA1,aa.5
KP0382_AC_WP20,WP20,WP,20,AA2,aa.141
KP0383_AC_WP20,WP20,WP,20,AA2,aa.141
KP0384_AC_WP20,WP20,WP,20,AA2,aa.159
KP0385_AC_WP20,WP20,WP,20,AA2,aa.124
KP0386_AC_WP20,WP20,WP,20,AA2,aa.124
KP0388_AC_WP20,WP20,WP,20,AA2,aa.124
KP0389_AC_WP20,WP20,WP,20,AA2,aa.124
KP0390_AC_WP20,WP20,WP,20,AA2,aa.124
KP0392_AC_WP20,WP20,WP,20,AA1,aa.4
KP0393_AC_WP20,WP20,WP,20,AA1,aa.4
KP0394_AC_WP20,WP20,WP,20,AA1,aa.4
KP0395_AC_WP20,WP20,WP,20,AA1,aa.4
KP0396_AC_WP20,WP20,WP,20,AA1,aa.4
KP0398_AC_WP20,WP20,WP,20,AA1,aa.4
KP0399_LM_WP20,WP20,WP,20,AA1,aa.20
KP0405_AC_WP20,WP20,WP,20,AA2,aa.284
KP0406_NA_NANA,WP20,WP,20,AA2,aa.118
KP0407_AC_CA05,CA05,CA,5,AA2,aa.107
KP0408_AC_CA05,CA05,CA,5,AA2,aa.306
KP0409_AC_CA05,CA05,CA,5,AA2,aa.253
KP0424_AC_CA05,CA05,CA,5,AA2,aa.279
KP0431_HU_CA05,CA05,CA,5,AA2,aa.320
KP0441_AC_CA05,CA05,CA,5,AA2,aa.266
KP0450_AC_WP20,WP20,WP,20,AA2,aa.217
KP0452_AC_WP20,WP20,WP,20,AA1,aa.18
KP0454_AC_WP20,WP20,WP,20,AA2,aa.273
KP0457_AC_WP20,WP20,WP,20,AA2,aa.203
KP0461_AC_WP20,WP20,WP,20,AA2,aa.127
KP0462_AC_WP20,WP20,WP,20,AA2,aa.127
KP0463_AC_WP20,WP20,WP,20,AA1,aa.6
KP0464_AC_WP20,WP20,WP,20,AA2,aa.197
KP0467_AC_WP20,WP20,WP,20,AA2,aa.181
KP0468_AC_WP20,WP20,WP,20,AA2,aa.181
KP0470_AC_WP20,WP20,WP,20,AA2,aa.125
KP0471_AC_WP20,WP20,WP,20,AA2,aa.182
KP0475_AC_WP20,WP20,WP,20,AA2,aa.173
KP0477_AC_WP20,WP20,WP,20,AA2,aa.173
KP0479_AC_WP20,WP20,WP,20,AA2,aa.226
KP0481_AC_WP20,WP20,WP,20,AA2,aa.124
KP0484_AC_WP20,WP20,WP,20,AA2,aa.194
KP0485_AC_WP20,WP20,WP,20,AA2,aa.212
KP0486_AC_WP20,WP20,WP,20,AA1,aa.13
KP0487_AC_WP20,WP20,WP,20,AA2,aa.161
KP0488_AC_WP20,WP20,WP,20,AA2,aa.161
KP0489_AC_WP20,WP20,WP,20,AA2,aa.204
KP0490_AC_WP20,WP20,WP,20,AA2,aa.187
KP0491_AC_WP20,WP20,WP,20,AA2,aa.160
KP0492_AC_WP20,WP20,WP,20,AA2,aa.160
KP0493_AC_WP20,WP20,WP,20,AA2,aa.160
KP0494_AC_WP20,WP20,WP,20,AA2,aa.176
KP0495_AC_WP20,WP20,WP,20,AA2,aa.176
KP0499_AC_WP20,WP20,WP,20,AA2,aa.160
KP0500_AC_WP20,WP20,WP,20,AA2,aa.160
KP0501_AC_WP20,WP20,WP,20,AA2,aa.160
KP0505_AC_WP20,WP20,WP,20,AA2,aa.280
KP0508_AC_WP20,WP20,WP,20,AA2,aa.177
KP0510_AC_WP20,WP20,WP,20,AA2,aa.184
KP0512_AC_WP20,WP20,WP,20,AA2,aa.184
KP0513_AC_WP20,WP20,WP,20,AA2,aa.184
KP0515_AC_WP20,WP20,WP,20,AA2,aa.129
KP0516_AC_WP20,WP20,WP,20,AA2,aa.129
KP0521_AC_WP20,WP20,WP,20,AA2,aa.175
KP0522_AC_WP20,WP20,WP,20,AA2,aa.175
KP0523_AC_WP20,WP20,WP,20,AA2,aa.142
KP0524_AC_WP20,WP20,WP,20,AA2,aa.142
KP0526_AC_WP20,WP20,WP,20,AA2,aa.162
KP0528_AC_WP20,WP20,WP,20,AA2,aa.179
KP0530_AC_WP20,WP20,WP,20,AA2,aa.179
KP0532_AC_WP20,WP20,WP,20,AA2,aa.162
KP0533_AC_WP20,WP20,WP,20,AA2,aa.183
KP0535_AC_WP20,WP20,WP,20,AA2,aa.112
KP0536_AC_WP20,WP20,WP,20,AA2,aa.241
KP0537_AC_WP20,WP20,WP,20,AA2,aa.163
KP0538_AC_WP20,WP20,WP,20,AA2,aa.112
KP0539_AC_WP20,WP20,WP,20,AA2,aa.178
KP0543_AC_WP20,WP20,WP,20,AA2,aa.202
KP0545_AC_WP20,WP20,WP,20,AA2,aa.202
KP0546_AC_WP20,WP20,WP,20,AA2,aa.178
KP0549_AC_WP20,WP20,WP,20,AA2,aa.202
KP0554_AC_WP20,WP20,WP,20,AA2,aa.209
KP0559_AC_WP20,WP20,WP,20,AA1,aa.16
KP0563_AC_WP20,WP20,WP,20,AA1,aa.17
KP0565_LM_WP20,WP20,WP,20,AA1,aa.7
KP0568_AC_WP20,WP20,WP,20,AA2,aa.137
KP0569_AC_WP20,WP20,WP,20,AA1,aa.15
KP0571_AC_WP20,WP20,WP,20,AA2,aa.152
KP0572_AC_WP20,WP20,WP,20,AA2,aa.153
KP0575_AC_WP20,WP20,WP,20,AA1,aa.14
KP0576_AC_WP20,WP20,WP,20,AA1,aa.11
KP0577_AC_WP20,WP20,WP,20,AA1,aa.11
KP0579_AC_WP20,WP20,WP,20,AA2,aa.210
KP0581_AC_WP20,WP20,WP,20,AA1,aa.9
KP0583_LM_WP20,WP20,WP,20,AA2,aa.46
KP0584_AC_WP20,WP20,WP,20,AA1,aa.10
KP0590_AC_WP20,WP20,WP,20,AA1,aa.7
KP0591_AC_WP20,WP20,WP,20,AA1,aa.7
KP0593_AC_SB20,SB20,SB,20,AA2,aa.60
KP0595_AC_SB20,SB20,SB,20,AA2,aa.94
KP0596_AC_SB20,SB20,SB,20,AA2,aa.61
KP0600_AC_SB20,SB20,SB,20,AA2,aa.94
KP0604_AC_SB20,SB20,SB,20,AA2,aa.80
KP0607_AC_SB20,SB20,SB,20,AA1,aa.29
KP0608_AC_SB20,SB20,SB,20,AA2,aa.218
KP0611_LM_SB20,SB20,SB,20,AA2,aa.330
KP0625_AC_SB20,SB20,SB,20,AA2,aa.329
KP0626_AC_SB20,SB20,SB,20,AA2,aa.68
KP0636_AC_SB20,SB20,SB,20,AA2,aa.333
KP0638_AC_SB20,SB20,SB,20,AA2,aa.328
KP0640_AC_SB20,SB20,SB,20,AA2,aa.97
KP0643_AC_SB20,SB20,SB,20,AA2,aa.316
KP0645_AC_SB20,SB20,SB,20,AA2,aa.295
KP0646_AC_SB20,SB20,SB,20,AA2,aa.307
KP0647_AC_SB20,SB20,SB,20,AA2,aa.86
KP0648_AC_SB20,SB20,SB,20,AA2,aa.323
KP0649_AC_SB20,SB20,SB,20,AA2,aa.293
KP0652_AC_SB20,SB20,SB,20,AA2,aa.331
KP0654_AC_SB20,SB20,SB,20,AA2,aa.325
KP0658_AC_SB20,SB20,SB,20,AA2,aa.95
KP0660_AC_SB20,SB20,SB,20,AA2,aa.95
KP0661_AC_SB20,SB20,SB,20,AA2,aa.302
KP0662_AC_SB20,SB20,SB,20,AA2,aa.326
KP0665_AC_SB20,SB20,SB,20,AA2,aa.317
KP0667_AC_SB20,SB20,SB,20,AA2,aa.46
KP0668_AC_SB20,SB20,SB,20,AA2,aa.303
KP0669_AC_SB20,SB20,SB,20,AA2,aa.314
KP0673_NA_NANA,SB20,SB,20,AA2,aa.46
KP0678_AC_SB20,SB20,SB,20,AA1,aa.33
KP0679_AC_SB20,SB20,SB,20,AA2,aa.37
KP0681_AC_SB20,SB20,SB,20,AA2,aa.37
KP0686_AC_SB20,SB20,SB,20,AA2,aa.304
KP0688_AC_SB20,SB20,SB,20,AA2,aa.43
KP0690_AC_SB20,SB20,SB,20,AA1,aa.30
KP0691_AC_SB20,SB20,SB,20,AA2,aa.96
KP0693_AC_SB20,SB20,SB,20,AA2,aa.96
KP0696_AC_SB20,SB20,SB,20,AA1,aa.21
KP0698_AC_SB20,SB20,SB,20,AA2,aa.44
KP0699_AC_SB20,SB20,SB,20,AA2,aa.96
KP0701_AC_SB20,SB20,SB,20,AA2,aa.96
KP0703_AC_SB20,SB20,SB,20,AA2,aa.49
KP0704_AC_SB20,SB20,SB,20,AA2,aa.82
KP0708_AC_SB20,SB20,SB,20,AA2,aa.296
KP0709_AC_SB20,SB20,SB,20,AA2,aa.49
KP0711_AC_SB20,SB20,SB,20,AA2,aa.308
KP0712_AC_SB20,SB20,SB,20,AA2,aa.236
KP0714_AC_SB20,SB20,SB,20,AA2,aa.332
KP0717_AC_SB20,SB20,SB,20,AA2,aa.312
KP0720_AC_SB20,SB20,SB,20,AA2,aa.87
KP0724_AC_SB20,SB20,SB,20,AA2,aa.315
KP0727_AC_SB20,SB20,SB,20,AA2,aa.64
KP0730_AC_SB20,SB20,SB,20,AA2,aa.286
KP0734_AC_SB20,SB20,SB,20,AA2,aa.297
KP0741_AC_WP10,WP10,WP,10,AA2,aa.151
KP0742_AC_WP10,WP10,WP,10,AA2,aa.188
KP0743_AC_WP10,WP10,WP,10,AA2,aa.151
KP0745_AC_WP10,WP10,WP,10,AA2,aa.151
KP0746_AC_WP10,WP10,WP,10,AA2,aa.143
KP0747_AC_WP20,WP20,WP,20,AA2,aa.189
KP0748_AC_WP10,WP10,WP,10,AA2,aa.138
KP0749_AC_WP20,WP20,WP,20,AA2,aa.172
KP0751_AC_WP10,WP10,WP,10,AA2,aa.223
KP0753_AC_WP10,WP10,WP,10,AA2,aa.227
KP0757_AC_WP10,WP10,WP,10,AA2,aa.205
KP0758_AC_WP10,WP10,WP,10,AA2,aa.120
KP0760_AC_WP10,WP10,WP,10,AA2,aa.220
KP0761_AC_WP10,WP10,WP,10,AA2,aa.121
KP0767_AC_WP10,WP10,WP,10,AA2,aa.271
KP0769_AC_WP10,WP10,WP,10,AA1,aa.23
KP0771_AC_WP10,WP10,WP,10,AA2,aa.213
KP0773_AC_WP10,WP10,WP,10,AA2,aa.228
KP0777_AC_WP10,WP10,WP,10,AA2,aa.287
KP0779_AC_WP10,WP10,WP,10,AA2,aa.237
KP0782_AC_WP10,WP10,WP,10,AA2,aa.135
KP0787_AC_WP10,WP10,WP,10,AA2,aa.234
KP0788_AC_WP10,WP10,WP,10,AA2,aa.135
KP0790_AC_WP10,WP10,WP,10,AA2,aa.191
KP0792_AC_WP10,WP10,WP,10,AA2,aa.191
KP0793_AC_WP10,WP10,WP,10,AA2,aa.157
KP0794_AC_WP10,WP10,WP,10,AA2,aa.135
KP0796_AC_WP10,WP10,WP,10,AA2,aa.135
KP0797_AC_WP10,WP10,WP,10,AA2,aa.206
KP0799_AC_WP10,WP10,WP,10,AA2,aa.116
KP0800_AC_WP10,WP10,WP,10,AA2,aa.135
KP0801_AC_WP10,WP10,WP,10,AA2,aa.92
KP0802_AC_WP10,WP10,WP,10,AA2,aa.150
KP0804_AC_WP10,WP10,WP,10,AA2,aa.135
KP0808_AC_WP10,WP10,WP,10,AA2,aa.109
KP0810_AC_WP10,WP10,WP,10,AA2,aa.150
KP0811_AC_WP10,WP10,WP,10,AA2,aa.198
KP0812_AC_WP10,WP10,WP,10,AA2,aa.115
KP0815_AC_WP10,WP10,WP,10,AA2,aa.229
KP0816_AC_WP10,WP10,WP,10,AA2,aa.115
KP0822_AC_WP10,WP10,WP,10,AA2,aa.139
KP0823_AC_WP10,WP10,WP,10,AA2,aa.140
KP0824_AC_WP10,WP10,WP,10,AA2,aa.144
KP0828_AC_WP10,WP10,WP,10,AA2,aa.144
KP0830_AC_WP10,WP10,WP,10,AA2,aa.154
KP0832_AC_WP10,WP10,WP,10,AA2,aa.154
KP0833_AC_WP10,WP10,WP,10,AA2,aa.128
KP0835_AC_WP10,WP10,WP,10,AA2,aa.128
KP0837_AC_WP10,WP10,WP,10,AA2,aa.309
KP0844_UN_NANA,WP10,WP,10,AA2,aa.131
KP0846_AC_WP10,WP10,WP,10,AA2,aa.131
KP0852_AC_WP10,WP10,WP,10,AA2,aa.131
KP0857_AC_WP10,WP10,WP,10,AA2,aa.242
KP0861_AC_WP10,WP10,WP,10,AA2,aa.132
KP0866_AC_WP10,WP10,WP,10,AA2,aa.133
KP0867_AC_WP10,WP10,WP,10,AA2,aa.174
KP0871_AC_WP10,WP10,WP,10,AA2,aa.174
KP0879_AC_WP10,WP10,WP,10,AA2,aa.148
KP0880_HU_WP10,WP10,WP,10,AA2,aa.136
KP0881_AC_WP10,WP10,WP,10,AA2,aa.243
KP0882_AC_WP10,WP10,WP,10,AA2,aa.147
KP0883_AC_WP10,WP10,WP,10,AA2,aa.166
KP0884_AC_WP10,WP10,WP,10,AA2,aa.119
KP0885_AC_WP10,WP10,WP,10,AA2,aa.114
KP0887_AC_WP10,WP10,WP,10,AA2,aa.114
KP0895_AC_WP10,WP10,WP,10,AA2,aa.239
KP0897_AC_WP10,WP10,WP,10,AA2,aa.192
KP0898_AC_WP10,WP10,WP,10,AA2,aa.193
KP0900_AC_WP10,WP10,WP,10,AA2,aa.167
KP0909_AC_WP10,WP10,WP,10,AA2,aa.221
KP0912_AC_WP10,WP10,WP,10,AA2,aa.224
KP0913_AC_WP10,WP10,WP,10,AA2,aa.110
KP0915_AC_WP10,WP10,WP,10,AA2,aa.214
KP0916_AC_WP10,WP10,WP,10,AA2,aa.285
KP0917_AC_WP10,WP10,WP,10,AA2,aa.167
KP0918_AC_WP10,WP10,WP,10,AA2,aa.199
KP0919_AC_WP10,WP10,WP,10,AA2,aa.190
KP0925_AC_WP10,WP10,WP,10,AA2,aa.111
KP0926_AC_WP10,WP10,WP,10,AA2,aa.215
KP0928_AC_WP10,WP10,WP,10,AA2,aa.170
KP0929_AC_WP10,WP10,WP,10,AA2,aa.111
KP0930_AC_WP10,WP10,WP,10,AA2,aa.168
KP0931_AC_WP10,WP10,WP,10,AA2,aa.111
KP0932_AC_WP10,WP10,WP,10,AA2,aa.169
KP0933_AC_WP10,WP10,WP,10,AA2,aa.207
KP0934_AC_WP10,WP10,WP,10,AA2,aa.126
KP0936_AC_WP10,WP10,WP,10,AA2,aa.231
KP0937_AC_WP10,WP10,WP,10,AA2,aa.219
KP0938_HU_WP10,WP10,WP,10,AA1,aa.12
KP0940_AC_WP10,WP10,WP,10,AA2,aa.134
KP0942_AC_WP10,WP10,WP,10,AA2,aa.145
KP0945_AC_WP10,WP10,WP,10,AA2,aa.232
KP0947_AC_WP10,WP10,WP,10,AA2,aa.222
KP0950_AC_WP05,WP05,WP,5,AA2,aa.281
KP0953_AC_WP10,WP10,WP,10,AA2,aa.146
KP0962_AC_WP05,WP05,WP,5,AA2,aa.230
KP0965_AC_WP05,WP05,WP,5,AA2,aa.122
KP0966_AC_WP05,WP05,WP,5,AA2,aa.123
KP0967_HU_WP05,WP05,WP,5,AA2,aa.195
KP0974_AC_WP05,WP05,WP,5,AA2,aa.233
KP0977_AC_WP05,WP05,WP,5,AA2,aa.149
KP0978_AC_WP05,WP05,WP,5,AA2,aa.272
KP0981_AC_WP05,WP05,WP,5,AA2,aa.196
KP0982_AC_WP05,WP05,WP,5,AA2,aa.216
KP0983_AC_WP05,WP05,WP,5,AA2,aa.80
KP0992_AC_CA10,CA10,CA,10,AA2,aa.93
KP0993_AC_CA10,CA10,CA,10,AA2,aa.267
KP0994_AC_CA10,CA10,CA,10,AA2,aa.93
KP0998_AC_CA10,CA10,CA,10,AA2,aa.93
KP0999_AC_CA10,CA10,CA,10,AA2,aa.269
KP1002_AC_WP10,WP10,WP,10,AA2,aa.327
KP1007_AC_WP10,WP10,WP,10,AA2,aa.263
KP1009_AC_CA10,CA10,CA,10,AA2,aa.263
KP1011_AC_CA10,CA10,CA,10,AA2,aa.264
KP1012_AC_CA10,CA10,CA,10,AA2,aa.268
KP1013_AC_CA10,CA10,CA,10,AA2,aa.59
KP1014_AC_CA10,CA10,CA,10,AA2,aa.268
KP1015_AC_CA10,CA10,CA,10,AA2,aa.59
KP1016_AC_CA10,CA10,CA,10,AA2,aa.268
KP1019_AC_CA10,CA10,CA,10,AA2,aa.288
KP1021_AC_CA10,CA10,CA,10,AA2,aa.274
KP1022_AC_CA10,CA10,CA,10,AA2,aa.262
KP1026_AC_CA10,CA10,CA,10,AA2,aa.248
KP1027_AC_CA10,CA10,CA,10,AA2,aa.261
KP1028_AC_CA10,CA10,CA,10,AA2,aa.248
KP1029_AC_CA10,CA10,CA,10,AA2,aa.275
KP1030_AC_CA10,CA10,CA,10,AA2,aa.321
KP1032_AC_CA10,CA10,CA,10,AA2,aa.261
KP1045_AC_CA10,CA10,CA,10,AA1,aa.25
KP1046_AC_CA10,CA10,CA,10,AA2,aa.249
KP1047_AC_CA10,CA10,CA,10,AA2,aa.258
KP1048_AC_CA10,CA10,CA,10,AA2,aa.249
KP1051_AC_CA10,CA10,CA,10,AA2,aa.258
KP1052_AC_CA10,CA10,CA,10,AA2,aa.276
KP1053_AC_CA10,CA10,CA,10,AA2,aa.324
KP1062_AC_CA20,CA20,CA,20,AA2,aa.301
KP1066_AC_CA20,CA20,CA,20,AA2,aa.108
KP1067_AC_CA20,CA20,CA,20,AA2,aa.254
KP1068_AC_CA20,CA20,CA,20,AA2,aa.247
KP1069_AC_CA20,CA20,CA,20,AA2,aa.98
KP1070_AC_CA20,CA20,CA,20,AA2,aa.247
KP1071_AC_CA20,CA20,CA,20,AA2,aa.98
KP1076_AC_CA20,CA20,CA,20,AA2,aa.257
KP1077_AC_CA20,CA20,CA,20,AA2,aa.298
KP1079_AC_CA20,CA20,CA,20,AA2,aa.102
KP1081_AC_CA20,CA20,CA,20,AA2,aa.102
KP1088_AC_CA20,CA20,CA,20,AA2,aa.65
KP1089_AC_CA20,CA20,CA,20,AA2,aa.255
KP1097_AC_CA20,CA20,CA,20,AA2,aa.282
KP1104_AC_CA20,CA20,CA,20,AA2,aa.101
KP1106_AC_CA20,CA20,CA,20,AA2,aa.101
KP1107_AC_CA20,CA20,CA,20,AA2,aa.256
KP1109_AC_CA20,CA20,CA,20,AA2,aa.65
KP1111_AC_CA20,CA20,CA,20,AA2,aa.65
KP1115_AC_CA20,CA20,CA,20,AA2,aa.99
KP1120_AC_CA20,CA20,CA,20,AA2,aa.265
KP1121_AC_CA20,CA20,CA,20,AA1,aa.26
KP1125_AC_CA20,CA20,CA,20,AA2,aa.245
KP1128_AC_CA20,CA20,CA,20,AA2,aa.250
KP1129_AC_CA20,CA20,CA,20,AA2,aa.101
KP1132_AC_CA20,CA20,CA,20,AA1,aa.24
KP1134_AC_CA20,CA20,CA,20,AA2,aa.251
KP1135_AC_CA20,CA20,CA,20,AA2,aa.259
KP1137_AC_CA20,CA20,CA,20,AA2,aa.246
KP1139_LM_CA20,CA20,CA,20,AA2,aa.100
KP1140_AC_CA20,CA20,CA,20,AA2,aa.277
KP1141_AC_CA20,CA20,CA,20,AA2,aa.252
KP1143_AC_CA20,CA20,CA,20,AA2,aa.260
KP1146_LM_CA20,CA20,CA,20,AA2,aa.103
KP1147_AC_CA20,CA20,CA,20,AA1,aa.32
KP1148_AC_CA20,CA20,CA,20,AA2,aa.103
KP1149_AC_CA20,CA20,CA,20,AA2,aa.270
KP1150_AC_CA20,CA20,CA,20,AA2,aa.105
KP1151_AC_CA20,CA20,CA,20,AA2,aa.106
KP1156_UN_CA20,CA20,CA,20,AA2,aa.104
KP1165_AC_CA20,CA20,CA,20,AA2,aa.104
KX0394_AC_WP20,WP20,WP,20,AA1,aa.4
KX0396_AC_WP20,WP20,WP,20,AA1,aa.4
KX0604_AC_SB20,SB20,SB,20,AA2,aa.80
KX0743_AC_WP10,WP10,WP,10,AA2,aa.151
KZ0578_AC_WP20,WP20,WP,20,AA1,aa.11
KP0086_LM_SB10,SB10,SB,10,AL2,al.59
KP0096_AC_SB10,SB10,SB,10,AL1,al.64
KP0108_AC_SB10,SB10,SB,10,AL2,al.60
KP0186_AC_SQ12,SQ12,SQ,12,AL2,al.38
KP0192_AC_SQ12,SQ12,SQ,12,AL2,al.14
KP0203_AC_SQ12,SQ12,SQ,12,AL2,al.46
KP0207_LM_SQ12,SQ12,SQ,12,AL2,al.20
KP0249_LM_SQ20,SQ20,SQ,20,AL2,al.29
KP0252_LM_SQ20,SQ20,SQ,20,AL2,al.32
KP0253_LM_SQ20,SQ20,SQ,20,AL1,al.69
KP0254_LM_SQ20,SQ20,SQ,20,AL1,al.69
KP0282_LM_SQ20,SQ20,SQ,20,AL2,al.8
KP0285_LM_SQ20,SQ20,SQ,20,AL1,al.74
KP0290_LM_WP20,WP20,WP,20,AL2,al.26
KP0293_LM_WP20,WP20,WP,20,AL2,al.3
KP0308_LM_WP20,WP20,WP,20,AL2,al.39
KP0318_LM_WP20,WP20,WP,20,AL2,al.3
KP0319_LM_WP20,WP20,WP,20,AL2,al.57
KP0322_LM_WP20,WP20,WP,20,AL1,al.83
KP0328_LM_WP20,WP20,WP,20,AL1,al.84
KP0330_LM_WP20,WP20,WP,20,AL1,al.70
KP0341_LM_WP20,WP20,WP,20,AL2,al.7
KP0342_LM_WP20,WP20,WP,20,AL2,al.7
KP0343_LM_WP20,WP20,WP,20,AL2,al.7
KP0345_LM_WP20,WP20,WP,20,AL2,al.7
KP0348_LM_WP20,WP20,WP,20,AL2,al.1
KP0350_LM_WP20,WP20,WP,20,AL2,al.44
KP0375_LM_WP20,WP20,WP,20,AL2,al.4
KP0377_LM_WP20,WP20,WP,20,AL1,al.82
KP0380_LM_WP20,WP20,WP,20,AL2,al.51
KP0400_LM_WP20,WP20,WP,20,AL1,al.89
KP0459_LM_WP20,WP20,WP,20,AL2,al.47
KP0473_LM_WP20,WP20,WP,20,AL1,al.73
KP0482_LM_WP20,WP20,WP,20,AL2,al.10
KP0529_LM_WP20,WP20,WP,20,admixed,93
KP0547_LM_WP20,WP20,WP,20,AL1,al.86
KP0548_LM_WP20,WP20,WP,20,AL1,al.75
KP0551_LM_WP20,WP20,WP,20,AL2,al.16
KP0557_AC_WP20,WP20,WP,20,AL2,al.12
KP0558_LM_WP20,WP20,WP,20,AL2,al.48
KP0570_LM_WP20,WP20,WP,20,AL2,al.58
KP0585_LM_WP20,WP20,WP,20,AL2,al.21
KP0588_LM_WP20,WP20,WP,20,AL1,al.71
KP0599_LM_SB20,SB20,SB,20,AL2,al.33
KP0605_AC_SB20,SB20,SB,20,AL2,al.56
KP0609_AC_SB20,SB20,SB,20,AL2,al.15
KP0613_LM_SB20,SB20,SB,20,AL2,al.35
KP0614_LM_SB20,SB20,SB,20,AL2,al.40
KP0616_LM_SB20,SB20,SB,20,AL2,al.18
KP0617_LM_SB20,SB20,SB,20,AL2,al.9
KP0618_LM_SB20,SB20,SB,20,AL1,al.68
KP0620_LM_SB20,SB20,SB,20,AL2,al.30
KP0629_LM_SB20,SB20,SB,20,AL2,al.55
KP0631_LM_SB20,SB20,SB,20,admixed,91
KP0634_LM_SB20,SB20,SB,20,AL2,al.41
KP0637_LM_SB20,SB20,SB,20,AL1,al.64
KP0650_LM_SB20,SB20,SB,20,AL2,al.17
KP0657_LM_SB20,SB20,SB,20,AL2,al.6
KP0659_LM_SB20,SB20,SB,20,AL2,al.6
KP0664_LM_SB20,SB20,SB,20,AL1,al.76
KP0666_LM_SB20,SB20,SB,20,AL1,al.72
KP0670_LM_SB20,SB20,SB,20,admixed,90
KP0671_AC_SB20,SB20,SB,20,AL2,al.52
KP0676_LM_SB20,SB20,SB,20,AL1,al.66
KP0677_LM_SB20,SB20,SB,20,AL2,al.27
KP0680_LM_SB20,SB20,SB,20,AL2,al.22
KP0682_LM_SB20,SB20,SB,20,AL2,al.2
KP0694_LM_SB20,SB20,SB,20,AL2,al.31
KP0706_LM_SB20,SB20,SB,20,AL2,al.25
KP0707_LM_SB20,SB20,SB,20,AL2,al.53
KP0716_LM_SB20,SB20,SB,20,AL1,al.87
KP0718_LM_SB20,SB20,SB,20,AL2,al.23
KP0723_NA_NANA,SB20,SB,20,AL2,al.42
KP0731_LM_SB20,SB20,SB,20,AL1,al.62
KP0732_LM_SB20,SB20,SB,20,AL2,al.13
KP0765_AC_WP10,WP10,WP,10,AL2,al.45
KP0795_LM_WP10,WP10,WP,10,AL2,al.11
KP0851_AC_WP10,WP10,WP,10,AL1,al.79
KP0870_LM_WP10,WP10,WP,10,AL1,al.88
KP0893_LM_WP10,WP10,WP,10,AL2,al.34
KP1043_LM_CA10,CA10,CA,10,AL1,al.78
KP1058_LM_CA20,CA20,CA,20,AL1,al.80
KP1059_LM_CA20,CA20,CA,20,AL2,al.5
KP1061_LM_CA20,CA20,CA,20,AL2,al.5
KP1064_LM_CA20,CA20,CA,20,AL1,al.80
KP1065_LM_CA20,CA20,CA,20,AL1,al.63
KP1093_LM_CA20,CA20,CA,20,admixed,92
KP1094_LM_CA20,CA20,CA,20,AL1,al.67
KP1095_HU_CA20,CA20,CA,20,AL2,al.28
KP1101_LM_CA20,CA20,CA,20,AL1,al.65
KP1103_LM_CA20,CA20,CA,20,AL2,al.37
KP1118_LM_CA20,CA20,CA,20,AL2,al.43
KP1119_LM_CA20,CA20,CA,20,AL2,al.36
KP1123_LM_CA20,CA20,CA,20,AL1,al.81
KP1124_AC_CA20,CA20,CA,20,AL2,al.12
KP1126_LM_CA20,CA20,CA,20,AL1,al.85
KP1133_LM_CA20,CA20,CA,20,AL2,al.49
KP1144_LM_CA20,CA20,CA,20,AL2,al.24
KP1160_UN_CA20,CA20,CA,20,AL2,al.19
KP1164_LM_CA20,CA20,CA,20,AL2,al.61
KP1166_LM_CA20,CA20,CA,20,AL2,al.54
KP1167_LM_CA20,CA20,CA,20,AL1,al.77
KX0330_LM_WP20,WP20,WP,20,AL1,al.70
KX0657_LM_SB20,SB20,SB,20,AL2,al.6
KY0578_AC_WP20,WP20,WP,20,AL2,al.50
KP0049_HU_SB10,SB10,SB,10,AH1,ah.102
KP0073_HU_SB10,SB10,SB,10,AH1,ah.89
KP0075_HU_SB10,SB10,SB,10,AH1,ah.33
KP0084_AC_SB10,SB10,SB,10,AH2,ah.27
KP0090_AC_SB10,SB10,SB,10,admixed,ah.98
KP0091_AC_SB10,SB10,SB,10,AH2,ah.24
KP0092_AC_SB10,SB10,SB,10,AH1,ah.69
KP0093_AC_SB10,SB10,SB,10,AH1,ah.34
KP0098_AC_SB10,SB10,SB,10,AH1,ah.70
KP0099_AC_SB10,SB10,SB,10,AH1,ah.72
KP0110_AC_SB10,SB10,SB,10,AH1,ah.70
KP0111_AC_SB10,SB10,SB,10,AH1,ah.70
KP0130_AC_SB05,SB05,SB,5,AH2,ah.26
KP0132_HU_SB05,SB05,SB,5,AH2,ah.20
KP0134_HU_SB05,SB05,SB,5,AH1,ah.73
KP0135_HU_SB05,SB05,SB,5,AH2,ah.22
KP0137_HU_SB05,SB05,SB,5,AH3,ah.30
KP0138_HU_SB05,SB05,SB,5,AH3,ah.30
KP0139_HU_SB05,SB05,SB,5,AH2,ah.1
KP0140_HU_SB05,SB05,SB,5,AH2,ah.1
KP0141_HU_SB05,SB05,SB,5,AH2,ah.1
KP0142_HU_SB05,SB05,SB,5,AH2,ah.21
KP0143_HU_SB05,SB05,SB,5,AH3,ah.120
KP0145_HU_SB05,SB05,SB,5,AH2,ah.28
KP0146_HU_SB05,SB05,SB,5,AH2,ah.25
KP0147_HU_SB05,SB05,SB,5,AH2,ah.2
KP0148_HU_SB05,SB05,SB,5,AH2,ah.3
KP0149_HU_SB05,SB05,SB,5,AH2,ah.29
KP0159_AC_SQ12,SQ12,SQ,12,AH1,ah.71
KP0183_AC_SQ12,SQ12,SQ,12,AH1,ah.71
KP0184_AC_SQ12,SQ12,SQ,12,AH1,ah.71
KP0211_AC_SQ12,SQ12,SQ,12,AH1,ah.78
KP0378_AC_WP20,WP20,WP,20,AH1,ah.75
KP0410_HU_CA05,CA05,CA,5,AH1,ah.92
KP0413_HU_CA05,CA05,CA,5,AH1,ah.81
KP0414_HU_CA05,CA05,CA,5,AH1,ah.63
KP0416_HU_CA05,CA05,CA,5,AH1,ah.57
KP0417_HU_CA05,CA05,CA,5,AH1,ah.39
KP0418_HU_CA05,CA05,CA,5,AH1,ah.57
KP0420_HU_CA05,CA05,CA,5,AH1,ah.59
KP0421_HU_CA05,CA05,CA,5,AH1,ah.53
KP0423_HU_CA05,CA05,CA,5,AH1,ah.51
KP0425_HU_CA05,CA05,CA,5,AH1,ah.53
KP0426_HU_CA05,CA05,CA,5,admixed,ah.62
KP0427_HU_CA05,CA05,CA,5,AH1,ah.55
KP0428_HU_CA05,CA05,CA,5,AH1,ah.55
KP0429_HU_CA05,CA05,CA,5,AH1,ah.54
KP0432_HU_CA05,CA05,CA,5,admixed,ah.90
KP0434_HU_CA05,CA05,CA,5,AH1,ah.82
KP0435_HU_CA05,CA05,CA,5,AH1,ah.60
KP0436_HU_CA05,CA05,CA,5,AH3,ah.105
KP0437_HU_CA05,CA05,CA,5,AH3,ah.106
KP0438_HU_CA05,CA05,CA,5,AH1,ah.53
KP0439_HU_CA05,CA05,CA,5,AH1,ah.52
KP0442_HU_CA05,CA05,CA,5,AH1,ah.39
KP0474_AC_WP20,WP20,WP,20,AH1,ah.40
KP0540_AC_WP20,WP20,WP,20,AH1,ah.86
KP0552_AC_WP20,WP20,WP,20,AH1,ah.65
KP0582_AC_WP20,WP20,WP,20,admixed,ah.88
KP0639_LM_SB20,SB20,SB,20,AH1,ah.69
KP0739_HU_WP10,WP10,WP,10,AH1,ah.74
KP0740_HU_WP10,WP10,WP,10,AH1,ah.40
KP0744_HU_WP10,WP10,WP,10,AH3,ah.114
KP0764_HU_WP10,WP10,WP,10,AH1,ah.43
KP0768_HU_WP10,WP10,WP,10,AH3,ah.111
KP0770_AC_WP10,WP10,WP,10,AH3,ah.113
KP0774_AC_WP10,WP10,WP,10,AH2,ah.13
KP0775_AC_WP10,WP10,WP,10,AH2,ah.18
KP0783_HU_WP10,WP10,WP,10,AH2,ah.4
KP0785_AC_WP10,WP10,WP,10,admixed,ah.97
KP0786_HU_WP10,WP10,WP,10,admixed,ah.103
KP0789_HU_WP10,WP10,WP,10,AH1,ah.41
KP0798_HU_WP10,WP10,WP,10,AH1,ah.36
KP0803_HU_WP10,WP10,WP,10,admixed,ah.85
KP0805_HU_WP10,WP10,WP,10,AH1,ah.91
KP0814_HU_WP10,WP10,WP,10,AH1,ah.36
KP0818_HU_WP10,WP10,WP,10,AH2,ah.12
KP0826_AC_WP10,WP10,WP,10,AH3,ah.117
KP0827_AC_WP10,WP10,WP,10,AH1,ah.31
KP0829_AC_WP10,WP10,WP,10,AH1,ah.42
KP0831_HU_WP10,WP10,WP,10,AH1,ah.87
KP0838_AC_WP10,WP10,WP,10,AH1,ah.48
KP0839_HU_WP10,WP10,WP,10,admixed,ah.96
KP0841_AC_WP10,WP10,WP,10,AH1,ah.100
KP0845_AC_WP10,WP10,WP,10,AH1,ah.76
KP0847_HU_WP10,WP10,WP,10,AH1,ah.50
KP0850_AC_WP10,WP10,WP,10,AH1,ah.32
KP0853_HU_WP10,WP10,WP,10,admixed,ah.99
KP0859_HU_WP10,WP10,WP,10,AH1,ah.46
KP0875_AC_WP10,WP10,WP,10,AH1,ah.93
KP0876_HU_WP10,WP10,WP,10,AH1,ah.37
KP0877_HU_WP10,WP10,WP,10,AH1,ah.38
KP0878_AC_WP10,WP10,WP,10,AH1,ah.38
KP0886_AC_WP10,WP10,WP,10,AH2,ah.8
KP0888_AC_WP10,WP10,WP,10,AH3,ah.107
KP0899_LM_WP10,WP10,WP,10,admixed,ah.101
KP0901_HU_WP10,WP10,WP,10,AH3,ah.118
KP0903_HU_WP10,WP10,WP,10,AH3,ah.108
KP0906_AC_WP10,WP10,WP,10,AH2,ah.9
KP0920_HU_WP10,WP10,WP,10,AH1,ah.44
KP0922_AC_WP10,WP10,WP,10,AH1,ah.45
KP0935_AC_WP10,WP10,WP,10,admixed,ah.77
KP0941_HU_WP10,WP10,WP,10,AH1,ah.49
KP0948_AC_WP10,WP10,WP,10,AH1,ah.94
KP0951_HU_WP10,WP10,WP,10,AH2,ah.15
KP0954_HU_WP05,WP05,WP,5,AH3,ah.113
KP0956_HU_WP05,WP05,WP,5,admixed,ah.116
KP0957_HU_WP05,WP05,WP,5,AH3,ah.115
KP0958_HU_WP05,WP05,WP,5,AH3,ah.112
KP0959_HU_WP05,WP05,WP,5,AH2,ah.6
KP0960_HU_WP05,WP05,WP,5,AH2,ah.5
KP0961_HU_WP05,WP05,WP,5,AH3,ah.109
KP0963_HU_WP05,WP05,WP,5,AH1,ah.47
KP0964_HU_WP05,WP05,WP,5,AH3,ah.110
KP0968_HU_WP05,WP05,WP,5,AH1,ah.84
KP0970_HU_WP05,WP05,WP,5,AH1,ah.79
KP0971_HU_WP05,WP05,WP,5,admixed,ah.104
KP0972_HU_WP05,WP05,WP,5,AH2,ah.16
KP0973_HU_WP05,WP05,WP,5,AH2,ah.17
KP0979_HU_WP05,WP05,WP,5,AH2,ah.10
KP0980_HU_WP05,WP05,WP,5,AH2,ah.23
KP0984_HU_WP05,WP05,WP,5,AH3,ah.121
KP0985_AC_WP05,WP05,WP,5,AH2,ah.11
KP0986_HU_WP05,WP05,WP,5,AH2,ah.19
KP0987_HU_WP05,WP05,WP,5,AH2,ah.14
KP0989_HU_WP05,WP05,WP,5,AH2,ah.7
KP1003_HU_CA10,CA10,CA,10,AH1,ah.58
KP1005_HU_CA10,CA10,CA,10,AH1,ah.58
KP1033_HU_CA10,CA10,CA,10,AH1,ah.61
KP1034_HU_CA10,CA10,CA,10,AH1,ah.56
KP1036_UN_CA10,CA10,CA,10,AH1,ah.56
KP1037_HU_CA10,CA10,CA,10,admixed,ah.95
KP1039_HU_CA10,CA10,CA,10,AH1,ah.67
KP1041_HU_CA10,CA10,CA,10,admixed,ah.119
KP1074_AC_CA20,CA20,CA,20,AH1,ah.66
KP1084_AC_CA20,CA20,CA,20,AH1,ah.35
KP1086_HU_CA20,CA20,CA,20,AH1,ah.35
KP1116_AC_CA20,CA20,CA,20,AH1,ah.68
KP1153_UN_CA20,CA20,CA,20,AH1,ah.64
KP1159_UN_CA20,CA20,CA,20,AH1,ah.80
KP1162_AC_CA20,CA20,CA,20,AH1,ah.83
KX0075_HU_SB10,SB10,SB,10,AH1,ah.33
